name,language
Casey,Ruby
Pamela,Ruby
Amber,C++
Deborah,Python
Margaret,Java
Wendy,C++
Nathan,Python
Alan,Ruby
Kathleen,Ruby
Ruth,JavaScript
Kyle,C++
Katrina,C++
Alexa,Java
Benjamin,Ruby
Erik,JavaScript
Rebecca,Python
Katherine,Ruby
Michael,JavaScript
David,Python
Gerald,Java
Michael,Ruby
Ashley,JavaScript
Rebecca,Ruby
Shane,C++
Barbara,Java
Alicia,Java
Crystal,Python
Ronnie,Ruby
James,C++
Brian,C++
James,JavaScript
Laura,Java
Dominic,Java
Brandi,Java
Savannah,Ruby
Elaine,Python
Chad,JavaScript
William,C++
Stacey,Ruby
Lucas,Python
Travis,Ruby
Susan,Python
Heidi,Ruby
Autumn,C++
Alexander,C++
Edward,C++
Marc,JavaScript
Jeffrey,JavaScript
Eric,Ruby
Jennifer,Java
Danielle,Python
Jesus,C++
Troy,JavaScript
Jennifer,JavaScript
Karina,Ruby
Emily,Python
Anna,JavaScript
Katherine,C++
Melissa,Ruby
Bryan,Java
Cynthia,C++
Alex,Ruby
Christina,Java
Charles,JavaScript
Dennis,Java
Isaac,C++
Mark,Python
Jennifer,Java
Andrew,C++
Kevin,C++
Kelly,Java
Benjamin,JavaScript
Norman,JavaScript
Donna,Ruby
Roy,C++
Kelly,Python
Nathan,C++
Kevin,Ruby
Sarah,C++
Marie,C++
Anne,Ruby
Erin,Python
James,Java
Elizabeth,Python
Ashley,Java
Cindy,Java
Kelly,Ruby
Samantha,Java
Courtney,Python
Sarah,Java
Kenneth,Ruby
Patricia,JavaScript
Matthew,JavaScript
Travis,JavaScript
Aaron,Python
Victoria,C++
Jeffrey,Ruby
Shawn,Java
Jeffrey,Python
Kimberly,Python
Michael,C++
Darrell,Python
Paul,Java
Jacob,Python
Amber,JavaScript
Jacob,JavaScript
Jacob,Python
Travis,JavaScript
Donald,Python
Brett,JavaScript
Susan,Python
Jennifer,Java
Brandon,C++
Ruben,Java
Mary,Java
Joseph,C++
Katherine,Ruby
Shannon,Ruby
Rebekah,Python
Kristin,JavaScript
Matthew,Python
Chase,Ruby
Tyler,JavaScript
Cody,Ruby
Mary,Python
Paul,C++
Brandi,JavaScript
Daniel,Java
Deborah,Python
Dominique,Python
Brittany,Java
Kristin,Python
Kenneth,JavaScript
Jocelyn,Python
Steven,Python
Cynthia,Ruby
Margaret,C++
Angel,JavaScript
Sierra,Java
Cassandra,Ruby
Robert,Python
Jennifer,JavaScript
Daniel,Ruby
Thomas,Python
Brittney,Python
Alison,Java
Charles,Java
Tara,Java
Thomas,Java
Kathy,JavaScript
Bridget,Python
Laura,Java
Chris,Java
Alexander,Java
Anthony,JavaScript
Victor,C++
Cassandra,C++
Daniel,Ruby
Kara,Java
Dylan,Python
Chelsey,C++
Jacob,C++
Stephen,C++
Jason,Python
Virginia,Ruby
Kelly,C++
Gregory,JavaScript
April,JavaScript
Austin,Java
Jennifer,Ruby
James,Ruby
Christopher,Python
Amanda,Java
Terri,Java
Bryan,Ruby
Robin,Ruby
Mark,Ruby
Jeffrey,Ruby
Michael,Python
Laura,Ruby
Jason,JavaScript
Victoria,JavaScript
Mary,C++
Scott,JavaScript
Leslie,Ruby
Nathan,Ruby
Scott,Python
Charles,Python
Micheal,JavaScript
Amanda,Python
Angela,Java
Jeremiah,Python
Rachel,Java
Sheena,JavaScript
Robert,JavaScript
Keith,C++
Anthony,JavaScript
Douglas,JavaScript
Michelle,Ruby
Jeffery,C++
